state,loc,lat,lon,daily_capacity
Nuevo León,Cadereyta Refinery,25.594537,-99.945843,10704919.5071921
Tamaulipas,Madero Refinery,22.26913,-97.810817,6433120.06237208
Ciudad de México,Tula Refinery,20.047802,-99.272312,6905561.97613733
Guanajuato,Salamanca Refinery,20.583399,-101.1851,5849683.29564975
Veracruz de Ignacio de la Llave,Minatitlan Refinery,17.98472,-94.533883,6586537.58877508
Oaxaca,Salina Cruz Refinery,16.218273,-95.185282,9122748.5454095
Veracruz de Ignacio de la Llave,Cangrejera Refinery,18.092251,-94.360367,0
Tabasco,Dos Bocas Refinery,18.42202,-93.192958,33811235.3333333
